segment_id,rate_of_penetration
wellbore_chev_no_14_665,32.987451385375415
wellbore_chev_no_14_681,163.55457116027586
wellbore_chev_no_14_682,137.1525486388624
wellbore_chev_no_14_683,144.5431938713646
wellbore_chev_no_14_684,140.40460358883283
wellbore_chev_no_14_685,94.47442175735759
wellbore_chev_no_14_686,106.53125085825197
wellbore_chev_no_14_687,75.43992544658676
wellbore_chev_no_14_688,83.24688563395372
wellbore_chev_no_14_689,77.13537382461912
wellbore_chev_no_14_690,104.34982816083419
wellbore_chev_no_14_691,100.15967202195144
wellbore_chev_no_14_692,105.24659045829225
wellbore_chev_no_14_693,126.47932023183182
wellbore_chev_no_14_694,127.86289630364442
wellbore_chev_no_14_695,112.07188060254964
wellbore_chev_no_14_696,127.58390028079853
wellbore_chev_no_14_697,134.6547157211138
wellbore_chev_no_14_698,97.0476840801155
wellbore_chev_no_14_699,96.56862588163285
wellbore_chev_no_14_700,130.32557658933987
wellbore_chev_no_14_701,133.69663322637052
wellbore_chev_no_14_702,132.61087777782345
wellbore_chev_no_14_703,129.07101720590964
wellbore_chev_no_14_704,113.51990550585391
wellbore_chev_no_14_705,126.308683154773
wellbore_chev_no_14_706,124.52723496639058
wellbore_chev_no_14_707,123.85798609779386
wellbore_chev_no_14_708,130.24362146614942
wellbore_chev_no_14_709,120.46731840312775
wellbore_chev_no_14_710,128.74847167718258
wellbore_chev_no_14_711,150.23970843142493
wellbore_chev_no_14_712,131.11596293717466
wellbore_chev_no_14_713,134.69690502339202
wellbore_chev_no_14_714,135.7299454751808
wellbore_chev_no_14_715,144.75454328995502
wellbore_chev_no_14_716,146.926126638109
wellbore_chev_no_14_717,158.54511682537063
wellbore_chev_no_14_718,146.53954737229168
wellbore_chev_no_14_719,161.57828096702252
wellbore_chev_no_14_720,155.93586201223414
wellbore_chev_no_14_721,157.5198882222881
wellbore_chev_no_14_722,143.47834784557077
wellbore_chev_no_14_723,142.2413743368155
wellbore_chev_no_14_724,138.31466578922266
wellbore_chev_no_14_725,137.4774805001122
wellbore_chev_no_14_726,150.90915807557892
wellbore_chev_no_14_727,130.60001399068958
wellbore_chev_no_14_728,130.76874804642637
wellbore_chev_no_14_729,136.19159458935866
wellbore_chev_no_14_730,143.48113767585008
wellbore_chev_no_14_731,145.0318718445844
wellbore_chev_no_14_732,121.02618686848605
wellbore_chev_no_14_733,116.11831310070549
wellbore_chev_no_14_734,125.20636633791412
wellbore_chev_no_14_735,126.26171941276877
wellbore_chev_no_14_736,62.59022894164714
wellbore_chev_no_14_737,127.28435855575452
wellbore_chev_no_14_738,118.74700570027044
wellbore_chev_no_14_739,95.22001815664737
wellbore_chev_no_14_740,98.2105666187656
wellbore_chev_no_14_741,98.86519283621733
wellbore_chev_no_14_742,110.03766592868922
wellbore_chev_no_14_743,98.05043339528906
wellbore_chev_no_14_744,105.34833104840683
wellbore_chev_no_14_745,93.35933490709796
wellbore_chev_no_14_746,103.15946717583257
wellbore_chev_no_14_747,112.85353389392392
wellbore_chev_no_14_748,96.32271729671291
wellbore_chev_no_14_749,89.57352364875001
wellbore_chev_no_14_750,87.33148185644676
wellbore_chev_no_14_751,105.32509695317117
wellbore_chev_no_14_752,103.44505409685323
wellbore_chev_no_14_753,99.59226000655725
wellbore_chev_no_14_754,90.40116706439505
wellbore_chev_no_14_755,95.56674717737489
wellbore_chev_no_14_756,101.37411222518858
wellbore_chev_no_14_757,103.28946278451264
wellbore_chev_no_14_758,110.61068884699952
wellbore_chev_no_14_759,110.64196233518975
wellbore_chev_no_14_760,115.56389011986947
wellbore_chev_no_14_761,105.73107912093649
wellbore_chev_no_14_762,109.67023132365426
wellbore_chev_no_14_763,106.86420528742353
wellbore_chev_no_14_764,101.09032334794573
wellbore_chev_no_14_765,112.37618410646503
wellbore_chev_no_14_766,97.0132469014477
wellbore_chev_no_14_767,91.75954206734029
wellbore_chev_no_14_768,88.15843163036801
wellbore_chev_no_14_769,89.59129691390471
wellbore_chev_no_14_770,94.07454486208894
wellbore_chev_no_14_771,95.3490236079569
wellbore_chev_no_14_772,80.55345457986417
wellbore_chev_no_14_773,96.9484147904647
wellbore_chev_no_14_774,89.36868107243237
wellbore_chev_no_14_775,101.147128330582
wellbore_chev_no_14_776,101.2551017203298
wellbore_chev_no_14_777,99.76541870293332
wellbore_chev_no_14_778,106.54650222925224
wellbore_chev_no_14_779,106.83316273769405
wellbore_chev_no_14_780,96.64887831875684
wellbore_chev_no_14_781,98.70231861167349
wellbore_chev_no_14_782,101.75147445513178
wellbore_chev_no_14_783,103.3926494897707
wellbore_chev_no_14_784,101.22107112699837
wellbore_chev_no_14_785,109.88662313409581
wellbore_chev_no_14_786,104.03342343177418
wellbore_chev_no_14_787,89.9287971268537
wellbore_chev_no_14_788,117.56535642465577
wellbore_chev_no_14_789,119.21432379434003
wellbore_chev_no_14_790,122.34273205362136
wellbore_chev_no_14_791,98.96013606435845
wellbore_chev_no_14_792,117.84112357174266
wellbore_chev_no_14_793,117.11793328121217
wellbore_chev_no_14_794,140.87140597541102
wellbore_chev_no_14_795,123.62729653945615
wellbore_chev_no_14_796,121.12198232127271
wellbore_chev_no_14_797,128.3357514088577
wellbore_chev_no_14_798,96.2005509728441
wellbore_chev_no_14_799,107.90170564411687
wellbore_chev_no_14_800,115.70417200463969
wellbore_chev_no_14_801,123.46446319635581
wellbore_chev_no_14_802,55.88255010186324
wellbore_chev_no_14_803,63.403420925016555
wellbore_chev_no_14_804,34.40026031281377
wellbore_chev_no_14_805,56.42271465387615
wellbore_chev_no_14_806,46.11443600926981
wellbore_chev_no_14_807,56.09955118205542
wellbore_chev_no_14_808,91.6078072530949
wellbore_chev_no_14_809,80.28692212610252
wellbore_chev_no_14_810,97.5679015825598
wellbore_chev_no_14_811,61.94410722948606
wellbore_chev_no_14_812,63.86955994403021
wellbore_chev_no_14_813,71.87815791559417
wellbore_chev_no_14_814,63.20652741735824
wellbore_chev_no_14_815,61.20577759835641
wellbore_chev_no_14_816,66.07952709404915
wellbore_chev_no_14_817,48.50785757720021
wellbore_chev_no_14_818,53.08906841020632
wellbore_chev_no_14_819,79.98917086638829
wellbore_chev_no_14_820,71.19240278339554
wellbore_chev_no_14_821,78.53359506196362
wellbore_chev_no_14_822,76.37619583952878
wellbore_chev_no_14_823,95.99425136075321
wellbore_chev_no_14_824,97.09205806932519
wellbore_chev_no_14_825,91.11547388568347
wellbore_chev_no_14_826,57.98953793504351
wellbore_chev_no_14_827,71.97774142392159
wellbore_chev_no_14_828,75.14122384902568
wellbore_chev_no_14_829,77.93391509844926
wellbore_chev_no_14_830,54.373097403930394
wellbore_chev_no_14_831,43.14504514965626
wellbore_chev_no_14_832,46.0979639216831
wellbore_chev_no_14_833,60.69797153495004
wellbore_chev_no_14_834,86.36730313135234
wellbore_chev_no_14_835,94.16247352169437
wellbore_chev_no_14_836,86.13351396084875
wellbore_chev_no_14_837,83.51698200050497
wellbore_chev_no_14_838,54.264276068794985
wellbore_chev_no_14_839,55.15125853591521
wellbore_chev_no_14_840,48.82819379323078
wellbore_chev_no_14_841,56.54591901052034
wellbore_chev_no_14_842,52.17429424194653
wellbore_chev_no_14_843,76.21620867306274
wellbore_chev_no_14_844,70.87707166454081
wellbore_chev_no_14_845,64.66967742876137
wellbore_chev_no_14_846,58.40874520546887
wellbore_chev_no_14_847,69.46487731386367
wellbore_chev_no_14_848,71.21414391601942
wellbore_chev_no_14_849,76.02287218006238
wellbore_chev_no_14_850,57.37938714226106
wellbore_chev_no_14_851,70.19323390500968
wellbore_chev_no_14_852,51.207782912811766
wellbore_chev_no_14_853,64.30042531384393
wellbore_chev_no_14_854,58.469508266316254
wellbore_chev_no_14_855,49.407625710977
wellbore_chev_no_14_856,74.42345882109757
wellbore_chev_no_14_857,86.01480578868757
wellbore_chev_no_14_858,85.80870525180342
wellbore_chev_no_14_859,86.00558019368765
wellbore_chev_no_14_860,82.03470921912866
wellbore_chev_no_14_861,91.15103903890504
wellbore_chev_no_14_862,88.11627651597311
wellbore_chev_no_14_863,67.3238940595578
wellbore_chev_no_14_864,79.00815614694983
wellbore_chev_no_14_865,84.26158696131013
wellbore_chev_no_14_866,74.80129876663362
wellbore_chev_no_14_867,88.79370182305712
wellbore_chev_no_14_868,80.35643875586628
wellbore_chev_no_14_869,73.87177315783262
wellbore_chev_no_14_870,86.32178903095289
wellbore_chev_no_14_871,89.62755925840746
wellbore_chev_no_14_872,93.21345211919994
wellbore_chev_no_14_873,93.92148463558628
wellbore_chev_no_14_874,93.92148463558628
wellbore_chev_no_14_875,93.29416373050537
wellbore_chev_no_14_876,87.9349986221281
wellbore_chev_no_14_877,92.76885201764449
wellbore_chev_no_14_878,90.3161144916214
wellbore_chev_no_14_879,100.03512182299977
wellbore_chev_no_14_880,106.73199169141226
wellbore_chev_no_14_881,84.85367381271075
wellbore_chev_no_14_882,87.45721900948077
wellbore_chev_no_14_883,66.43772519182588
wellbore_chev_no_14_884,86.570349637818
wellbore_chev_no_14_885,56.5742541503992
wellbore_chev_no_14_886,114.72526614363115
wellbore_chev_no_14_887,106.91180936398251
wellbore_chev_no_14_888,104.11771552914853
wellbore_chev_no_14_889,104.13025542892873
wellbore_chev_no_14_890,103.34984542240373
wellbore_chev_no_14_891,98.06499779381447
wellbore_chev_no_14_892,109.92989547420436
wellbore_chev_no_14_893,81.39307522981086
wellbore_chev_no_14_894,122.87066000726574
wellbore_chev_no_14_895,120.75430129865704
wellbore_chev_no_14_896,121.59385100604158
wellbore_chev_no_14_897,116.56580347430271
wellbore_chev_no_14_898,119.68374373306348
wellbore_chev_no_14_899,114.31720704139586
wellbore_chev_no_14_900,113.27852391857769
wellbore_chev_no_14_901,88.34054222079297
wellbore_chev_no_14_902,91.85113241280476
wellbore_chev_no_14_903,82.08605787725523
wellbore_chev_no_14_904,87.27299790468065
wellbore_chev_no_14_905,85.34000216473967
wellbore_chev_no_14_906,95.94852140904244
wellbore_chev_no_14_907,69.45305987874407
wellbore_chev_no_14_908,75.46001033371898
wellbore_chev_no_14_909,77.62019605804466
wellbore_chev_no_14_910,77.14623952854991
wellbore_chev_no_14_911,89.63750411764704
wellbore_chev_no_14_912,78.47816288699619
wellbore_chev_no_14_913,78.45357007856452
wellbore_chev_no_14_914,80.28922861454849
wellbore_chev_no_14_915,91.63703775151892
wellbore_chev_no_14_916,68.64402558300627
wellbore_chev_no_14_917,83.56992031297203
wellbore_chev_no_14_918,93.28496192131574
wellbore_chev_no_14_919,85.23165638029998
wellbore_chev_no_14_920,91.06464784101439
wellbore_chev_no_14_921,77.22625934179989
wellbore_chev_no_14_922,76.8934960432711
wellbore_chev_no_14_923,77.06406580758474
wellbore_chev_no_14_924,98.31562228282866
wellbore_chev_no_14_925,95.31614810865449
wellbore_chev_no_14_926,76.79320830449186
wellbore_chev_no_14_927,71.9586800606412
wellbore_chev_no_14_928,70.27744114364728
wellbore_chev_no_14_929,90.0179926512785
wellbore_chev_no_14_930,93.90191503021724
wellbore_chev_no_14_931,98.77297625429144
wellbore_chev_no_14_932,79.18422855615322
wellbore_chev_no_14_933,89.96393885497588
wellbore_chev_no_14_934,94.85757271472006
wellbore_chev_no_14_935,98.64251256755948
wellbore_chev_no_14_936,86.12517904956835
wellbore_chev_no_14_937,83.06319318283902
wellbore_chev_no_14_938,75.4340790972751
wellbore_chev_no_14_939,77.12410638520815
wellbore_chev_no_14_940,78.02204422582196
wellbore_chev_no_14_941,74.78657988994316
wellbore_chev_no_14_942,76.26221817911457
wellbore_chev_no_14_943,72.7024441199346
wellbore_chev_no_14_944,71.18776591022151
wellbore_chev_no_14_945,78.59511270391633
wellbore_chev_no_14_946,68.92020348023607
wellbore_chev_no_14_947,68.01388442269158
wellbore_chev_no_14_948,70.62144275186272
wellbore_chev_no_14_949,79.26656013933048
wellbore_chev_no_14_950,79.26656013933048
wellbore_chev_no_14_951,73.57462345834023
wellbore_chev_no_14_952,75.62422857917795
wellbore_chev_no_14_953,73.09983426582636
wellbore_chev_no_14_954,74.86735371619584
wellbore_chev_no_14_955,74.2861309115696
wellbore_chev_no_14_956,72.56183684310832
wellbore_chev_no_14_957,67.53082894636682
wellbore_chev_no_14_958,67.08179817991292
wellbore_chev_no_14_959,73.34991721693036
wellbore_chev_no_14_960,77.329188397297
wellbore_chev_no_14_961,77.59188554814851
wellbore_chev_no_14_962,73.00733283746831
wellbore_chev_no_16_732,58.1439405154963
wellbore_chev_no_16_733,70.46643106618413
wellbore_chev_no_16_734,63.966751842740216
wellbore_chev_no_16_735,60.89378711700731
wellbore_chev_no_16_736,62.23939141447002
wellbore_chev_no_16_737,71.30877808999648
wellbore_chev_no_16_738,92.2096785170218
wellbore_chev_no_16_739,69.85545168688624
wellbore_chev_no_16_740,93.52365093312166
wellbore_chev_no_16_741,86.28733967464325
wellbore_chev_no_16_742,92.5230427370433
wellbore_chev_no_16_743,74.50502393486799
wellbore_chev_no_16_744,69.78040339304306
wellbore_chev_no_16_745,82.90658078695287
wellbore_chev_no_16_746,85.82211975419659
wellbore_chev_no_16_747,78.75752158993254
wellbore_chev_no_16_748,87.63385779962749
wellbore_chev_no_16_749,70.83504964209563
wellbore_chev_no_16_750,94.5951130944666
wellbore_chev_no_16_751,97.41888292331151
wellbore_chev_no_16_752,74.86004864814463
wellbore_chev_no_16_753,99.49022897663414
wellbore_chev_no_16_754,90.7569573524673
wellbore_chev_no_16_755,99.17361466561387
wellbore_chev_no_16_756,98.63937749453109
wellbore_chev_no_16_757,83.36004902221013
wellbore_chev_no_16_758,100.5598097515017
wellbore_chev_no_16_759,89.58381681940224
wellbore_chev_no_16_760,60.35706061036631
wellbore_chev_no_16_761,58.89023866378069
wellbore_chev_no_16_762,86.26238679177175
wellbore_chev_no_16_763,75.856560440561
wellbore_chev_no_16_764,58.586155014068474
wellbore_chev_no_16_765,58.03224193729308
wellbore_chev_no_16_766,56.52654250206506
wellbore_chev_no_16_767,85.72015242550769
wellbore_chev_no_16_768,76.78020778053894
wellbore_chev_no_16_769,63.53457395642925
wellbore_chev_no_16_770,50.48947510599239
wellbore_chev_no_16_771,60.85420249776195
wellbore_chev_no_16_772,80.75710050315922
wellbore_chev_no_16_773,88.98041652115404
wellbore_chev_no_16_774,80.11219091346045
wellbore_chev_no_16_775,51.69721661702828
wellbore_chev_no_16_776,54.184788046351514
wellbore_chev_no_16_777,55.31077168309345
wellbore_chev_no_16_778,52.03053874375946
wellbore_chev_no_16_779,42.63005773501885
wellbore_chev_no_16_780,46.85329427674294
wellbore_chev_no_16_781,58.95241291521622
wellbore_chev_no_16_782,69.61956427308584
wellbore_chev_no_16_783,53.92611608089379
wellbore_chev_no_16_784,39.432223944062564
wellbore_chev_no_16_785,54.52997915244536
wellbore_chev_no_16_786,71.87154298379298
wellbore_chev_no_16_787,79.57658275406227
wellbore_chev_no_16_788,99.87736233274795
wellbore_chev_no_16_789,105.41507551453662
wellbore_chev_no_16_790,104.98904804066864
wellbore_chev_no_16_791,108.2337784723234
wellbore_chev_no_16_792,75.21380352823657
wellbore_chev_no_16_793,103.8448962450745
wellbore_chev_no_16_794,107.64125287726273
wellbore_chev_no_16_795,110.46489285432949
wellbore_chev_no_16_796,109.10352572490882
wellbore_chev_no_16_797,109.68463235541076
wellbore_chev_no_16_798,114.557051635881
wellbore_chev_no_16_799,113.81113505613239
wellbore_chev_no_16_800,90.87030192856463
wellbore_chev_no_16_801,32.63984992664024
wellbore_chev_no_16_802,39.64984523081261
wellbore_chev_no_16_803,74.48140133032702
wellbore_chev_no_16_804,83.5567523697166
wellbore_chev_no_16_805,77.22190468313093
wellbore_chev_no_16_806,69.44532883439258
wellbore_chev_no_16_807,78.66861219210462
wellbore_chev_no_16_808,87.96893193656811
wellbore_chev_no_16_809,50.769194886353496
wellbore_chev_no_16_810,49.30189015837175
wellbore_chev_no_16_811,46.20414124963302
wellbore_chev_no_16_812,47.107023888867246
wellbore_chev_no_16_813,43.301669295401545
wellbore_chev_no_16_814,56.165087911820315
wellbore_chev_no_16_815,52.38047735654859
wellbore_chev_no_16_816,63.9820870784723
wellbore_chev_no_16_817,60.72115780260284
wellbore_chev_no_16_818,62.52658236208889
wellbore_chev_no_16_819,81.58320013554604
wellbore_chev_no_16_820,44.10409836262501
wellbore_chev_no_16_821,55.46625720950196
wellbore_chev_no_16_822,44.84649628235702
wellbore_chev_no_16_823,48.62039379239372
wellbore_chev_no_16_824,47.88102017227876
wellbore_chev_no_16_825,67.9690717835136
wellbore_chev_no_16_826,47.39864394493909
wellbore_chev_no_16_827,41.85134056221642
wellbore_chev_no_16_828,42.355188707075975
wellbore_chev_no_16_829,47.40182105962587
wellbore_chev_no_16_830,57.760650433713295
wellbore_chev_no_16_831,67.23046231246971
wellbore_chev_no_16_832,56.16045009463869
wellbore_chev_no_16_833,66.38893016956804
wellbore_chev_no_16_834,62.94733254831872
wellbore_chev_no_16_835,39.178980114994076
wellbore_chev_no_16_836,38.5184295346218
wellbore_chev_no_16_837,35.124024959927176
wellbore_chev_no_16_838,38.284297425639984
wellbore_chev_no_16_839,38.22066807143966
wellbore_chev_no_16_840,37.548057225712846
wellbore_chev_no_16_841,65.43912121189746
wellbore_chev_no_16_842,59.80667026271363
wellbore_chev_no_16_843,49.29182622701121
wellbore_chev_no_16_844,37.22469800748534
wellbore_chev_no_16_845,38.483772713366484
wellbore_chev_no_16_846,46.82674763606955
wellbore_chev_no_16_847,37.648610219159906
wellbore_chev_no_16_848,42.147505903185106
wellbore_chev_no_16_849,45.17827993367212
wellbore_chev_no_16_850,36.47255053658951
wellbore_chev_no_16_851,49.23117261472713
wellbore_chev_no_16_852,32.71645533748736
wellbore_chev_no_16_853,42.7503388889137
wellbore_chev_no_16_854,49.55892522671518
wellbore_chev_no_16_855,39.064900336836
wellbore_chev_no_16_856,37.39205683518305
wellbore_chev_no_16_857,40.143500088995665
wellbore_chev_no_16_858,48.797029326643276
wellbore_chev_no_19_158,46.510703342767364
wellbore_chev_no_19_159,46.510703342767364
wellbore_chev_no_19_160,46.510703342767364
wellbore_chev_no_19_161,26.15185449120018
wellbore_chev_no_19_162,23.92423922587419
wellbore_chev_no_19_163,19.975973139228486
wellbore_chev_no_19_164,36.60586811208059
wellbore_chev_no_19_166,23.92423922587419
wellbore_chev_no_19_167,22.858257428441657
wellbore_chev_no_19_168,29.226440064087768
wellbore_chev_no_19_169,37.642205937457604
wellbore_chev_no_19_170,23.544887255423987
wellbore_chev_no_19_171,20.18560700068161
wellbore_chev_no_19_172,20.91381331094514
wellbore_chev_no_19_173,37.642205937457604
wellbore_chev_no_19_174,26.141671305390798
wellbore_chev_no_19_175,25.03753577212933
wellbore_chev_no_19_176,20.845471092018972
wellbore_chev_no_19_177,29.41932975525298
wellbore_chev_no_19_178,19.81271379005203
wellbore_chev_no_19_179,22.608871104016746
wellbore_chev_no_19_180,23.375667194398655
wellbore_chev_no_19_181,25.447398950251912
wellbore_chev_no_19_182,23.544887255423987
wellbore_chev_no_19_183,26.15185449120018
wellbore_chev_no_19_184,26.232255259364965
wellbore_chev_no_19_185,29.814407555169335
wellbore_chev_no_19_186,23.92423922587419
wellbore_chev_no_19_187,23.544887255423987
wellbore_chev_no_19_188,37.642205937457604
wellbore_chev_no_19_189,23.92423922587419
wellbore_chev_no_19_190,20.91381331094514
wellbore_chev_no_19_191,20.91381331094514
wellbore_chev_no_19_192,22.297137943796738
wellbore_chev_no_19_193,34.87610754854618
wellbore_chev_no_19_194,22.554400738829752
wellbore_chev_no_19_195,20.91381331094514
wellbore_chev_no_19_196,25.03753577212933
wellbore_chev_no_19_197,22.858257428441657
wellbore_chev_no_19_198,23.926167101960065
wellbore_chev_no_19_199,22.297137943796738
wellbore_chev_no_19_200,22.96734228569312
wellbore_chev_no_19_201,25.03753577212933
wellbore_chev_no_19_202,34.68584648560383
wellbore_chev_no_19_203,24.13387834278696
wellbore_chev_no_19_204,23.544887255423987
wellbore_chev_no_19_205,20.845471092018972
wellbore_chev_no_19_206,20.91381331094514
wellbore_chev_no_19_207,25.03753577212933
wellbore_chev_no_19_208,25.03753577212933
wellbore_chev_no_19_209,25.984855307666315
wellbore_chev_no_19_210,20.59209341050379
wellbore_chev_no_19_211,58.05029167173479
wellbore_chev_no_19_212,26.974144972054916
wellbore_chev_no_19_213,22.370945349123136
wellbore_chev_no_19_214,36.830473597652464
wellbore_chev_no_19_215,25.984855307666315
wellbore_chev_no_19_216,22.496449975387893
wellbore_chev_no_19_217,22.713812667360997
wellbore_chev_no_19_218,22.27149362413856
wellbore_chev_no_19_219,34.553626313091904
wellbore_chev_no_19_220,35.87525446473169
wellbore_chev_no_19_221,36.0216250513276
wellbore_chev_no_19_222,48.3649320441129
wellbore_chev_no_19_223,29.81026403053701
wellbore_chev_no_19_224,26.557649542140602
wellbore_chev_no_19_225,24.2339298981742
wellbore_chev_no_19_226,30.84576480144707
wellbore_chev_no_19_227,38.20237316265356
wellbore_chev_no_19_228,47.993252274658275
wellbore_chev_no_19_229,33.73093311399353
wellbore_chev_no_19_230,21.105536912902
wellbore_chev_no_19_231,50.8865397651942
wellbore_chev_no_19_232,48.57274388500147
wellbore_chev_no_19_233,39.377418395106936
wellbore_chev_no_19_234,48.57274388500147
wellbore_chev_no_19_235,38.50688513484203
wellbore_chev_no_19_236,49.605956197424
wellbore_chev_no_19_237,51.616152918065296
wellbore_chev_no_19_238,37.215817679217146
wellbore_chev_no_19_239,25.46082379073122
wellbore_chev_no_19_240,39.92028566056242
wellbore_chev_no_19_241,23.619476599220516
wellbore_chev_no_19_242,27.288572830868073
wellbore_chev_no_19_243,22.963198761060795
wellbore_chev_no_19_244,23.62882151212863
wellbore_chev_no_19_245,36.757872790579974
wellbore_chev_no_19_246,49.05331012957043
wellbore_chev_no_19_247,60.1531124989848
wellbore_chev_no_19_248,28.32895710475967
wellbore_chev_no_19_249,35.02951611679109
wellbore_chev_no_19_250,35.02951611679109
wellbore_chev_no_19_251,26.730044441858855
wellbore_chev_no_19_252,26.730044441858855
wellbore_chev_no_19_253,24.780155911739843
wellbore_chev_no_19_254,23.878091755144386
wellbore_chev_no_19_255,28.23922209855023
wellbore_chev_no_19_256,35.00015376512117
wellbore_chev_no_19_257,26.94387493315373
wellbore_chev_no_19_258,26.442024489470523
wellbore_chev_no_19_259,24.232419412188435
wellbore_chev_no_19_260,37.290845702455236
wellbore_chev_no_19_261,24.89804216325627
wellbore_chev_no_19_262,25.19345987700183
wellbore_chev_no_19_263,24.780155911739843
wellbore_chev_no_19_264,22.32161833106933
wellbore_chev_no_19_265,37.290845702455236
wellbore_chev_no_19_266,25.330655819301253
wellbore_chev_no_19_267,23.878091755144386
wellbore_chev_no_19_268,26.874332257830325
wellbore_chev_no_19_269,59.21357871929403
wellbore_chev_no_19_270,54.803375765247274
wellbore_chev_no_19_271,54.803375765247274
wellbore_chev_no_19_272,58.27013222724138
wellbore_chev_no_19_273,51.11048766210181
wellbore_chev_no_19_274,52.1091588680362
wellbore_chev_no_19_275,54.277153151655995
wellbore_chev_no_19_276,56.11074526818861
wellbore_chev_no_19_277,60.96676667431175
wellbore_chev_no_19_278,58.05916944185755
wellbore_chev_no_19_279,53.978061820801116
wellbore_chev_no_19_280,48.61913672920441
wellbore_chev_no_19_281,57.533958107521656
wellbore_chev_no_19_282,61.0688688066334
wellbore_chev_no_19_283,51.81006753718132
wellbore_chev_no_19_284,53.978061820801116
wellbore_chev_no_19_285,60.85809550999683
wellbore_chev_no_19_286,58.5762652692335
wellbore_chev_no_19_287,63.14285438124817
wellbore_chev_no_19_288,56.00208501736446
wellbore_chev_no_19_289,63.44194571210305
wellbore_chev_no_19_290,61.616630476124534
wellbore_chev_no_19_291,64.9806625636041
wellbore_chev_no_19_292,63.34853179346854
wellbore_chev_no_19_293,57.09942988879231
wellbore_chev_no_19_294,62.57583018253443
wellbore_chev_no_19_295,59.82087867566892
wellbore_chev_no_19_296,64.734190980862
wellbore_chev_no_19_297,63.20286725039206
wellbore_chev_no_19_298,64.91833945048451
wellbore_chev_no_19_299,62.377250173873364
wellbore_chev_no_19_300,64.8349980205276
wellbore_chev_no_19_301,57.931477946580834
wellbore_chev_no_19_302,56.95376534571583
wellbore_chev_no_19_303,61.43661846793566
wellbore_chev_no_19_304,62.2487112569946
wellbore_chev_no_19_305,67.03473277888278
wellbore_chev_no_19_306,44.961689934801456
wellbore_chev_no_19_307,36.49253925931317
wellbore_chev_no_19_308,30.175847959905923
wellbore_chev_no_19_309,65.94470987884274
wellbore_chev_no_19_310,57.76322506438142
wellbore_chev_no_19_311,66.86976264682336
wellbore_chev_no_19_312,34.10168015710554
wellbore_chev_no_19_313,34.431367077290055
wellbore_chev_no_19_314,34.978514054623815
wellbore_chev_no_19_315,39.565735711886866
wellbore_chev_no_19_316,67.90373462958495
wellbore_chev_no_19_317,52.026401476542155
wellbore_chev_no_19_318,35.806383763344485
wellbore_chev_no_19_319,39.877227911132294
wellbore_chev_no_19_320,41.94173658256812
wellbore_chev_no_19_321,34.22738550533148
wellbore_chev_no_19_322,36.596340488443595
wellbore_chev_no_19_323,37.1866538926525
wellbore_chev_no_19_324,59.82925599169943
wellbore_chev_no_19_325,69.9365185706823
wellbore_chev_no_19_326,67.03718156213401
wellbore_chev_no_19_327,36.44505022737756
wellbore_chev_no_19_328,65.25195627225445
wellbore_chev_no_19_329,63.32800153772325
wellbore_chev_no_19_330,69.08934290272796
wellbore_chev_no_19_331,66.2314206061412
wellbore_chev_no_19_332,42.664799358360035
wellbore_chev_no_19_333,35.23109435296565
wellbore_chev_no_19_334,33.90860930495156
wellbore_chev_no_19_335,40.455077647213514
wellbore_chev_no_19_336,33.462401936509934
wellbore_chev_no_19_337,56.532856435127556
wellbore_chev_no_19_338,58.36519722127057
wellbore_chev_no_19_339,69.8326717920699
wellbore_chev_no_19_340,60.27938715155302
wellbore_chev_no_19_341,37.742253098287314
wellbore_chev_no_19_342,30.031439407794217
wellbore_chev_no_19_343,54.972325712215515
wellbore_chev_no_19_344,57.28336272677971
wellbore_chev_no_19_345,54.98041101868933
wellbore_chev_no_19_346,40.48767664503626
wellbore_chev_no_19_347,61.08548637059709
wellbore_chev_no_19_348,60.163157681593894
wellbore_chev_no_19_349,57.51029309693755
wellbore_chev_no_19_350,56.72439301741196
wellbore_chev_no_19_351,55.27403196667368
wellbore_chev_no_19_352,65.1218582724926
wellbore_chev_no_19_353,39.97441258411245
wellbore_chev_no_19_354,45.52455147767534
wellbore_chev_no_19_355,58.21666676861703
wellbore_chev_no_19_356,44.75760756206656
wellbore_chev_no_19_357,35.95199688276015
wellbore_chev_no_19_358,40.70671029624025
wellbore_chev_no_19_359,33.51991033064883
wellbore_chev_no_19_360,38.098718313324774
wellbore_chev_no_19_361,37.72214257659057
wellbore_chev_no_19_362,38.673731621115564
wellbore_chev_no_19_363,58.160090520794704
wellbore_chev_no_19_364,55.97891285121911
wellbore_chev_no_19_365,40.865752514088705
wellbore_chev_no_19_366,34.72530804203668
wellbore_chev_no_19_367,40.05556770112745
wellbore_chev_no_19_368,40.05556770112745
wellbore_chev_no_19_369,39.66024835832522
wellbore_chev_no_19_370,34.395062193141214
wellbore_chev_no_19_371,30.04216941934522
wellbore_chev_no_19_372,34.91222835488874
wellbore_chev_no_19_373,32.36724108544702
wellbore_chev_no_19_374,30.028631337829317
wellbore_chev_no_19_375,39.96696766958564
wellbore_chev_no_19_376,40.20937551004351
wellbore_chev_no_19_377,37.70257256095484
wellbore_chev_no_19_378,39.434584211805145
wellbore_chev_no_19_379,40.73763664462581
wellbore_chev_no_19_380,46.99117716319108
wellbore_chev_no_19_381,41.828290623528005
wellbore_chev_no_19_382,39.5270075827322
wellbore_chev_no_19_383,40.59812164344683
wellbore_chev_no_19_384,39.46773298221725
wellbore_chev_no_19_385,40.63523265434196
wellbore_chev_no_19_386,44.746409274388135
wellbore_chev_no_19_387,38.05885270016202
wellbore_chev_no_19_388,87.11697208540144
wellbore_chev_no_19_389,78.02752882377091
wellbore_chev_no_19_390,61.22938353778809
wellbore_chev_no_19_391,85.80034852542849
wellbore_chev_no_19_392,95.19029938372773
wellbore_chev_no_19_393,130.17004146503604
wellbore_chev_no_19_394,127.98172553254767
wellbore_chev_no_19_395,132.706042252772
wellbore_chev_no_19_396,177.05140594393708
wellbore_chev_no_19_397,173.14163333968895
wellbore_chev_no_19_398,226.586355317591
wellbore_chev_no_19_399,234.20535412783252
wellbore_chev_no_19_400,230.61432863995913
wellbore_chev_no_19_401,233.38102860772722
wellbore_chev_no_19_402,237.99611233266612
wellbore_chev_no_19_403,238.02009557480065
wellbore_chev_no_19_404,239.33180072262738
wellbore_chev_no_19_405,239.16562844568207
wellbore_chev_no_19_406,239.16562844568207
wellbore_chev_no_19_407,239.1320872920791
wellbore_chev_no_19_408,240.68188339524056
wellbore_chev_no_19_409,239.1320872920791
wellbore_chev_no_19_410,239.4857869235133
wellbore_chev_no_19_411,239.4857869235133
wellbore_chev_no_19_412,239.4857869235133
wellbore_chev_no_19_413,239.4185522596723
wellbore_chev_no_19_414,239.4185522596723
wellbore_chev_no_19_415,239.4185522596723
wellbore_chev_no_19_416,242.4362292468387
wellbore_chev_no_19_417,242.602401523784
wellbore_chev_no_19_418,242.4362292468387
wellbore_chev_no_19_419,243.27573619251308
wellbore_chev_no_19_420,243.27573619251308
wellbore_chev_no_19_421,243.27573619251308
wellbore_chev_no_19_422,257.7618740341795
wellbore_chev_no_19_423,257.7618740341795
wellbore_chev_no_19_424,257.7618740341795
wellbore_chev_no_19_425,256.1867190988917
wellbore_chev_no_19_426,258.5630592301005
wellbore_chev_no_19_427,256.1867190988917
wellbore_chev_no_19_428,254.1000934491828
wellbore_chev_no_19_429,254.50454058570764
wellbore_chev_no_19_430,254.1000934491828
wellbore_chev_no_19_431,253.13566472414615
wellbore_chev_no_19_432,253.13566472414615
wellbore_chev_no_19_433,253.13566472414615
wellbore_chev_no_19_434,251.42078658958033
wellbore_chev_no_19_435,251.42078658958033
wellbore_chev_no_19_436,251.42078658958033
wellbore_chev_no_19_437,255.07021447123847
wellbore_chev_no_19_438,255.07021447123847
wellbore_chev_no_19_439,253.56089578002707
wellbore_chev_no_19_440,253.33470632744533
wellbore_chev_no_19_441,253.33470632744533
wellbore_chev_no_19_442,253.33470632744533
wellbore_chev_no_19_443,251.34614860481054
wellbore_chev_no_19_444,251.107873745231
wellbore_chev_no_19_445,251.34614860481054
wellbore_chev_no_19_446,250.10551777674323
wellbore_chev_no_19_447,250.10551777674323
wellbore_chev_no_19_448,251.1146045219385
wellbore_chev_no_19_449,252.60018829632682
wellbore_chev_no_19_450,252.60018829632682
wellbore_chev_no_19_451,252.60018829632682
wellbore_chev_no_19_452,253.56819863773092
wellbore_chev_no_19_453,252.2011970893117
wellbore_chev_no_19_454,252.2011970893117
wellbore_chev_no_19_455,252.1947982522708
wellbore_chev_no_19_456,252.1947982522708
wellbore_chev_no_19_457,253.4022744073085
wellbore_chev_no_19_458,253.06951766629624
wellbore_chev_no_19_459,253.06951766629624
wellbore_chev_no_19_460,253.06951766629624
wellbore_chev_no_19_461,254.96322899332728
wellbore_chev_no_19_462,254.96322899332728
wellbore_chev_no_19_463,254.96322899332728
wellbore_chev_no_19_464,254.64139599784772
wellbore_chev_no_19_465,254.64139599784772
wellbore_chev_no_19_466,254.35592687756665
wellbore_chev_no_19_467,253.8686556512948
wellbore_chev_no_19_468,253.8686556512948
wellbore_chev_no_19_469,253.8686556512948
wellbore_chev_no_19_470,256.36492753598213
wellbore_chev_no_19_471,256.6032023955615
wellbore_chev_no_19_472,256.6032023955615
wellbore_chev_no_19_473,257.36984092681706
wellbore_chev_no_19_474,257.36984092681706
wellbore_chev_no_19_475,256.2981991318937
wellbore_chev_no_19_476,251.56699494335703
wellbore_chev_no_19_477,251.56699494335703
wellbore_chev_no_19_478,251.56699494335703
wellbore_chev_no_19_479,251.16735308671008
wellbore_chev_no_19_480,250.09253186675633
wellbore_chev_no_19_481,251.57978321990728
wellbore_chev_no_19_482,254.28488956473132
wellbore_chev_no_19_483,254.28488956473132
wellbore_chev_no_19_484,254.28488956473132
wellbore_chev_no_19_485,252.83110814981205
wellbore_chev_no_19_486,252.83110814981205
wellbore_chev_no_19_487,252.83110814981205
wellbore_chev_no_19_488,247.2477701427442
wellbore_chev_no_19_489,245.71966795341987
wellbore_chev_no_19_490,247.48604500232375
wellbore_chev_no_19_491,247.7209607865708
wellbore_chev_no_19_492,247.7209607865708
wellbore_chev_no_19_493,247.7209607865708
wellbore_chev_no_19_494,247.3440402152659
wellbore_chev_no_19_495,247.3440402152659
wellbore_chev_no_19_496,247.3440402152659
wellbore_chev_no_19_497,248.16495301404143
wellbore_chev_no_19_498,243.52823936570678
wellbore_chev_no_19_499,246.08002188244978
wellbore_chev_no_19_500,246.08002188244978
wellbore_chev_no_19_501,246.08002188244978
wellbore_chev_no_19_502,229.263085695652
wellbore_chev_no_19_503,232.95556932517277
wellbore_chev_no_19_504,243.70924270592857
wellbore_chev_no_19_505,243.70924270592857
wellbore_chev_no_19_506,241.24363393572162
wellbore_chev_no_19_507,241.64808107224647
wellbore_chev_no_19_508,241.64808107224647
wellbore_chev_no_19_509,240.7723834801733
wellbore_chev_no_19_510,240.7723834801733
wellbore_chev_no_19_511,243.6497459373933
wellbore_chev_no_19_512,242.4225849613031
wellbore_chev_no_19_513,242.4225849613031
wellbore_chev_no_19_514,242.4225849613031
wellbore_chev_no_19_515,242.2253477175843
wellbore_chev_no_19_516,242.11955053566993
wellbore_chev_no_19_517,242.57655726939765
wellbore_chev_no_19_518,242.41038499245235
wellbore_chev_no_19_519,241.56945343249225
wellbore_chev_no_19_520,241.56945343249225
wellbore_chev_no_19_521,241.56945343249225
wellbore_chev_no_19_522,241.8077282920718
wellbore_chev_no_19_523,241.07241317419226
wellbore_chev_no_19_524,241.43582269485637
wellbore_chev_no_19_525,241.26965041791107
wellbore_chev_no_19_526,241.26965041791107
wellbore_chev_no_19_527,241.04144738845818
wellbore_chev_no_19_528,240.8872024421671
wellbore_chev_no_19_529,240.84616482630636
wellbore_chev_no_19_530,241.49083938944247
wellbore_chev_no_19_531,241.49083938944247
wellbore_chev_no_19_532,241.49083938944247
wellbore_chev_no_19_533,233.6349475662701
wellbore_chev_no_19_534,233.83023012842193
wellbore_chev_no_19_535,233.83023012842193
wellbore_chev_no_19_536,231.92131425973733
wellbore_chev_no_19_537,225.4416624474765
wellbore_chev_no_19_538,225.6369450096283
wellbore_chev_no_19_539,222.59491870710366
wellbore_chev_no_19_540,222.59491870710366
wellbore_chev_no_19_541,222.59491870710366
wellbore_chev_no_19_542,222.13315498605255
wellbore_chev_no_19_543,229.1427399357652
wellbore_chev_no_19_544,229.29698488205628
wellbore_chev_no_19_545,227.26573705817626
wellbore_chev_no_19_546,225.5460325448906
wellbore_chev_no_19_547,229.22211008833432
wellbore_chev_no_19_548,229.9037167383134
wellbore_chev_no_19_549,230.31773117461339
wellbore_chev_no_19_550,229.12636095132964
wellbore_chev_no_19_551,231.6365781509683
wellbore_chev_no_19_552,229.84637739775553
wellbore_chev_no_19_553,229.68020512081023
wellbore_chev_no_19_554,227.74173603122728
wellbore_chev_no_19_555,230.23640292395817
wellbore_chev_no_19_556,227.54645346907546
wellbore_chev_no_19_557,227.9445913172472
wellbore_chev_no_19_558,227.77841904030188
wellbore_chev_no_19_559,227.6241740940108
wellbore_chev_no_19_560,226.38701799576313
wellbore_chev_no_19_561,226.38701799576313
wellbore_chev_no_19_562,226.22084571881783
wellbore_chev_no_19_563,225.13664708732975
wellbore_chev_no_19_564,219.28204532836799
wellbore_chev_no_19_565,224.94621976001753
wellbore_chev_no_19_566,228.30162128918863
wellbore_chev_no_19_567,228.3709733833238
wellbore_chev_no_19_568,230.38476124552432
wellbore_chev_no_19_569,227.6952574565401
wellbore_chev_no_19_570,224.97781948270256
wellbore_chev_no_19_571,231.6438843896684
wellbore_chev_no_19_572,231.76972305850222
wellbore_chev_no_19_573,216.58414749683664
wellbore_chev_no_19_574,218.65616069658012
wellbore_chev_no_19_575,226.97075369818876
wellbore_chev_no_19_576,224.86012522289826
wellbore_chev_no_19_577,217.19601059877624
wellbore_chev_no_19_578,236.1762385333827
wellbore_chev_no_19_579,241.21796564242212
wellbore_chev_no_19_580,241.21796564242212
wellbore_chev_no_19_581,219.60163162357975
wellbore_chev_no_19_582,205.55324628940014
wellbore_chev_no_19_583,207.05902310014216
wellbore_chev_no_19_584,208.00842304262565
wellbore_chev_no_19_585,209.92430452898105
wellbore_chev_no_19_586,212.46509416253744
wellbore_chev_no_19_587,222.6278666170671
wellbore_chev_no_19_588,219.01698329553267
wellbore_chev_no_19_589,226.80060601277359
wellbore_chev_no_19_590,223.27557901069602
wellbore_chev_no_19_591,221.0033675920503
wellbore_chev_no_19_592,227.4483184064025
wellbore_chev_no_19_593,233.11563997469722
wellbore_chev_no_19_594,232.70575859750195
wellbore_chev_no_19_595,224.6104094980784
wellbore_chev_no_19_596,230.25679351011496
wellbore_chev_no_19_597,232.70575859750195
wellbore_chev_no_19_598,231.38635845277744
wellbore_chev_no_19_599,229.75870797355398
wellbore_chev_no_19_600,216.4052241313916
wellbore_chev_no_19_601,222.04609411765682
wellbore_chev_no_19_602,222.85147408243571
wellbore_chev_no_19_603,230.0640631579879
wellbore_chev_no_19_604,209.4231076630481
wellbore_chev_no_19_605,228.08802172714545
wellbore_chev_no_19_606,232.9978603665255
wellbore_chev_no_19_607,231.67846022180098
wellbore_chev_no_19_608,224.32899394272098
wellbore_chev_no_19_609,218.4160095190982
wellbore_chev_no_19_610,226.61023133369235
wellbore_chev_no_19_611,232.16689580456068
wellbore_chev_no_19_612,230.6440861503656
wellbore_chev_no_19_613,227.65940751858952
wellbore_chev_no_19_614,231.46150245248006
wellbore_chev_no_19_615,223.25182634674272
wellbore_chev_no_19_616,221.49544308060575
wellbore_chev_no_19_617,222.597640671873
wellbore_chev_no_19_618,221.42503839369246
wellbore_chev_no_19_619,218.76008558892318
wellbore_chev_no_19_620,218.79877760715513
wellbore_chev_no_19_621,219.7518105174883
wellbore_chev_no_19_622,225.98378976909532
wellbore_chev_no_19_623,227.72173708394624
wellbore_chev_no_19_624,217.59100099583517
wellbore_chev_no_19_625,230.10667162271164
wellbore_chev_no_19_626,221.1296373364893
wellbore_chev_no_19_627,226.7835188305991
wellbore_chev_no_19_628,219.3499630381391
wellbore_chev_no_19_629,224.49848503108115
wellbore_chev_no_19_630,226.1664317669918
wellbore_chev_no_19_631,221.1714363612025
wellbore_chev_no_19_632,221.01712831298994
wellbore_chev_no_19_633,211.61254022340114
wellbore_chev_no_19_634,219.8881499112792
wellbore_chev_no_19_635,222.73347360356033
wellbore_chev_no_19_636,207.83364735728148
wellbore_chev_no_19_637,210.18334475622154
wellbore_chev_no_19_638,204.6407408720173
wellbore_chev_no_19_639,209.22067994275443
wellbore_chev_no_19_640,212.39386727293945
wellbore_chev_no_19_641,212.39386727293945
wellbore_chev_no_19_642,209.40711013262504
wellbore_chev_no_19_643,203.9263929257369
wellbore_chev_no_19_644,65.05193495859064
wellbore_chev_no_19_645,45.78493251307732
wellbore_chev_no_19_646,70.57011255337027
wellbore_chev_no_19_647,81.45158993784572
wellbore_chev_no_19_648,83.70013783929892
wellbore_chev_no_19_649,75.63239268545784
wellbore_chev_no_19_650,63.729342236494965
wellbore_chev_no_19_651,41.61996770551585
wellbore_chev_no_19_652,43.847624380649094
wellbore_chev_no_19_653,61.04672229776633
wellbore_chev_no_19_654,47.85967051225404
wellbore_chev_no_19_655,43.93001448279437
wellbore_chev_no_19_656,54.00729661214989
wellbore_chev_no_19_657,63.25457783861562
wellbore_chev_no_19_658,52.93085811304218
wellbore_chev_no_19_659,60.957997344622946
wellbore_chev_no_19_660,62.117018234544325
wellbore_chev_no_19_661,50.65865783320351
wellbore_chev_no_19_662,51.025652490708175
wellbore_chev_no_19_663,54.18228880760054
wellbore_chev_no_19_664,53.6598219245632
wellbore_chev_no_19_665,55.394954131118226
wellbore_chev_no_19_666,58.314098606279956
wellbore_chev_no_19_667,59.14178198582386
wellbore_chev_no_19_668,57.33755927750864
wellbore_chev_no_19_669,55.17321453750079
wellbore_chev_no_19_670,65.41764810915443
wellbore_chev_no_19_671,63.92534043671553
wellbore_chev_no_19_672,58.70882827060923
wellbore_chev_no_19_673,64.11215833244825
wellbore_chev_no_19_674,58.11443700734863
wellbore_chev_no_19_675,63.90608164567843
wellbore_chev_no_19_676,42.09934516884536
wellbore_chev_no_19_677,64.01281670659385
wellbore_chev_no_19_678,50.42791317954079
wellbore_chev_no_19_679,78.55318824181451
wellbore_chev_no_19_680,75.88029609171849
wellbore_chev_no_19_681,74.09618470531312
wellbore_chev_no_19_682,70.71011648124356
wellbore_chev_no_19_683,87.06461353919416
wellbore_chev_no_19_684,91.81173094282306
wellbore_chev_no_19_685,83.93509824290365
wellbore_chev_no_19_686,73.65628787348261
wellbore_chev_no_19_687,59.78788349822147
wellbore_chev_no_19_688,68.10643503332415
wellbore_chev_no_19_689,63.86123857328609
wellbore_chev_no_19_690,78.9001161246289
wellbore_chev_no_19_691,65.92659309105517
wellbore_chev_no_19_692,81.20046933271321
wellbore_chev_no_19_693,79.97291627178589
wellbore_chev_no_19_694,79.0580508468682
wellbore_chev_no_19_695,61.18470523407687
wellbore_chev_no_19_696,61.735817899417796
wellbore_chev_no_19_697,66.23185573917694
wellbore_chev_no_19_698,80.46598303498774
wellbore_chev_no_19_699,64.88601236646547
wellbore_chev_no_19_700,57.43135448815214
wellbore_chev_no_19_701,62.78251321774394
wellbore_chev_no_19_702,64.00025000754688
wellbore_chev_no_19_703,73.55599315937458
wellbore_chev_no_19_704,54.7000580695396
wellbore_chev_no_19_705,55.775392967978014
wellbore_chev_no_19_706,55.775392967978014
wellbore_chev_no_19_707,63.32816314777087
wellbore_chev_no_19_708,63.44536614225061
wellbore_chev_no_19_709,74.16426122277251
wellbore_chev_no_19_710,84.91737889587071
wellbore_chev_no_19_711,82.87594781697668
wellbore_chev_no_19_712,77.97423994666194
wellbore_chev_no_19_713,81.35179375324354
wellbore_chev_no_19_714,90.97720664116234
wellbore_chev_no_19_715,76.41967137429921
wellbore_chev_no_19_716,88.39047327599208
wellbore_chev_no_19_717,102.22056854054347
wellbore_chev_no_19_718,77.13504647130162
wellbore_chev_no_19_719,86.10374929700762
wellbore_chev_no_19_720,124.01437292821669
wellbore_chev_no_19_721,120.74020504762778
wellbore_chev_no_19_722,112.57201254090684
wellbore_chev_no_19_723,114.71931226027671
wellbore_chev_no_19_724,114.71931226027671
wellbore_chev_no_19_725,105.4965456639166
wellbore_chev_no_19_726,96.0479336712848
wellbore_chev_no_19_727,82.14599751029331
wellbore_chev_no_19_728,68.60181769195799
wellbore_chev_no_19_729,69.93251432741314
wellbore_chev_no_19_730,57.858949156585695
wellbore_chev_no_19_731,56.63896265268408
wellbore_chev_no_19_732,53.89436723591816
wellbore_chev_no_19_733,54.24587210275296
wellbore_chev_no_19_734,87.45158091677983
wellbore_chev_no_19_735,65.30027571716623
wellbore_chev_no_19_736,58.373917324056414
wellbore_chev_no_19_737,75.59230187797944
wellbore_chev_no_19_738,79.32662638159357
wellbore_chev_no_19_739,94.83160237789717
wellbore_chev_no_19_740,69.38183948229025
wellbore_chev_no_19_741,79.86581413352705
wellbore_chev_no_19_742,94.92680293033779
wellbore_chev_no_19_743,102.86449159035378
wellbore_chev_no_19_744,95.19188636261813
wellbore_chev_no_19_745,76.21806371713063
wellbore_chev_no_19_746,74.53914221943363
wellbore_chev_no_19_747,92.72174389205576
wellbore_chev_no_19_748,88.85690803808252
wellbore_chev_no_19_749,51.52079717141123
wellbore_chev_no_19_750,43.472620309355115
wellbore_chev_no_19_751,53.17341063995573
wellbore_chev_no_19_752,52.5280893439856
wellbore_chev_no_19_753,61.95996654039416
wellbore_chev_no_19_754,91.83676343147265
wellbore_chev_no_19_755,98.40391239535792
wellbore_chev_no_19_756,106.35379811566145
wellbore_chev_no_19_757,95.47765935570506
wellbore_chev_no_19_758,90.50636510456141
wellbore_chev_no_19_759,88.10598367788029
wellbore_chev_no_19_760,92.06438810444571
wellbore_chev_no_19_761,96.94676493206254
wellbore_chev_no_19_762,96.94255899706992
wellbore_chev_no_19_763,86.41854861676943
wellbore_chev_no_19_764,86.41854861676943
wellbore_chev_no_19_765,86.93362947697874
wellbore_chev_no_19_766,87.57568495248286
wellbore_chev_no_19_767,49.302032278308396
wellbore_chev_no_19_768,66.44586584342767
wellbore_chev_no_19_769,88.81672763220561
wellbore_chev_no_19_770,74.54954594855133
wellbore_chev_no_19_771,66.61020541489202
wellbore_chev_no_19_772,74.9038665167361
wellbore_chev_no_19_773,89.64886728026305
wellbore_chev_no_19_774,48.22038834140287
wellbore_chev_no_19_775,49.533118244184
wellbore_chev_no_19_776,38.43106443998866
wellbore_chev_no_19_777,44.78096345578746
wellbore_chev_no_19_778,57.3163156748584
wellbore_chev_no_19_779,56.09394546043278
wellbore_chev_no_19_780,38.31357960788526
wellbore_chev_no_19_781,47.8170263342013
wellbore_chev_no_19_782,80.52385156998696
wellbore_chev_no_19_783,76.70048533573467
wellbore_chev_no_19_784,60.97061944034276
wellbore_chev_no_19_785,49.69572083857899
wellbore_chev_no_19_786,44.288899690897246
wellbore_chev_no_19_787,76.55833322816345
wellbore_chev_no_19_788,78.8722333866689
wellbore_chev_no_19_789,69.55964328010495
wellbore_chev_no_19_790,54.35986846441966
wellbore_chev_no_19_791,55.220875526756735
wellbore_chev_no_19_792,83.0397597274736
wellbore_chev_no_19_793,67.91637070077466
wellbore_chev_no_19_794,63.161659004484825
wellbore_chev_no_19_795,63.10169464675653
wellbore_chev_no_19_796,69.16159011599775
wellbore_chev_no_19_797,59.83430659028814
wellbore_chev_no_19_798,67.44260967631422
wellbore_chev_no_19_799,67.60249662123788
wellbore_chev_no_19_800,78.84771919994009
wellbore_chev_no_19_801,80.16146837209558
wellbore_chev_no_19_802,35.83777567199273
wellbore_chev_no_19_803,61.35779058700958
wellbore_chev_no_19_804,59.262530944408205
wellbore_chev_no_19_805,49.36463740490756
wellbore_chev_no_19_806,47.218519102789884
wellbore_chev_no_19_807,42.73864509239658
wellbore_chev_no_19_808,46.147401557881366
wellbore_chev_no_19_809,44.37679631691198
wellbore_chev_no_19_810,59.75860939281403
wellbore_chev_no_19_811,49.40966653582116
wellbore_chev_no_19_812,63.16124793550056
wellbore_chev_no_19_813,67.67685932944141
wellbore_chev_no_19_814,57.84541389810521
wellbore_chev_no_19_815,45.210329499777146
wellbore_chev_no_19_816,53.20274773402148
wellbore_chev_no_19_817,52.27201316426102
wellbore_chev_no_7_277,19.17594905906162
wellbore_chev_no_7_278,18.272632139584385
wellbore_chev_no_7_279,25.937666729780396
wellbore_chev_no_7_280,29.665816542069734
wellbore_chev_no_7_281,23.5110208673323
wellbore_chev_no_7_282,30.290303191254996
wellbore_chev_no_7_283,33.14947444114187
wellbore_chev_no_7_284,32.13727162242552
wellbore_chev_no_7_285,33.72587974418859
wellbore_chev_no_7_286,43.4095423804009
wellbore_chev_no_7_287,54.8710729916751
wellbore_chev_no_7_288,49.346847424180126
wellbore_chev_no_7_289,52.890656130634966
wellbore_chev_no_7_290,52.024113095540834
wellbore_chev_no_7_291,50.00696952511629
wellbore_chev_no_7_292,45.99628918470635
wellbore_chev_no_7_293,48.296321109457196
wellbore_chev_no_7_294,52.024113095540834
wellbore_chev_no_7_295,49.51154562653287
wellbore_chev_no_7_296,46.26358822790092
wellbore_chev_no_7_297,43.459942912251066
wellbore_chev_no_7_298,44.91079514716774
wellbore_chev_no_7_299,37.434264934687356
wellbore_chev_no_7_300,32.56263898527618
wellbore_chev_no_7_301,33.68550849256275
wellbore_chev_no_7_302,33.68550849256275
wellbore_chev_no_7_303,34.37514165568354
wellbore_chev_no_7_304,36.25770024240647
wellbore_chev_no_7_305,35.466551730242195
wellbore_chev_no_7_306,38.84162863110016
wellbore_chev_no_7_307,37.651846061800455
wellbore_chev_no_7_308,32.206938031454776
wellbore_chev_no_7_309,39.04989358957609
wellbore_chev_no_7_310,26.411766118959413
wellbore_chev_no_7_311,26.758409664497428
wellbore_chev_no_7_312,26.35951559530508
wellbore_chev_no_7_313,38.25339726812039
wellbore_chev_no_7_314,49.021867238067784
wellbore_chev_no_7_315,34.55327982651389
wellbore_chev_no_7_316,31.229628715960544
wellbore_chev_no_7_317,33.551277713765444
wellbore_chev_no_7_318,34.61426452670713
wellbore_chev_no_7_319,34.61426452670713
wellbore_chev_no_7_320,39.04802107857979
wellbore_chev_no_7_321,44.41322018169421
wellbore_chev_no_7_322,28.135528845883968
wellbore_chev_no_7_323,34.649700701968776
wellbore_chev_no_7_324,28.786690461200905
wellbore_chev_no_7_325,42.394898378952426
wellbore_chev_no_7_326,37.46607533698482
wellbore_chev_no_7_327,40.286929397447594
wellbore_chev_no_7_328,38.68214250126581
wellbore_chev_no_7_329,45.14992488395205
wellbore_chev_no_7_330,48.04252041068375
wellbore_chev_no_7_331,44.59724467478864
wellbore_chev_no_7_332,48.384967358109364
wellbore_chev_no_7_333,46.68550035376006
wellbore_chev_no_7_334,48.46535692672603
wellbore_chev_no_7_335,42.61872673203073
wellbore_chev_no_7_336,47.41830035806337
wellbore_chev_no_7_337,47.41830035806337
wellbore_chev_no_7_338,51.08204621031533
wellbore_chev_no_7_339,46.502884547880356
wellbore_chev_no_7_340,42.36738333737643
wellbore_chev_no_7_341,47.55605276282155
wellbore_chev_no_7_342,53.90698778518171
wellbore_chev_no_7_343,42.950470726841914
wellbore_chev_no_7_344,38.78524238906827
wellbore_chev_no_7_345,50.8903648920019
wellbore_chev_no_7_346,64.79473190413923
wellbore_chev_no_7_347,41.28885399406114
wellbore_chev_no_7_348,35.784553033116175
wellbore_chev_no_7_349,41.25481710979224
wellbore_chev_no_7_350,44.27498760269315
wellbore_chev_no_7_354,36.22659582182311
wellbore_chev_no_7_355,49.70240828212951
wellbore_chev_no_7_356,25.732963598914438
wellbore_chev_no_7_357,29.258612545559785
wellbore_chev_no_7_358,25.563997899923503
wellbore_chev_no_7_359,54.88188915713701
wellbore_chev_no_7_360,28.183067554597464
wellbore_chev_no_7_361,37.30978085480825
wellbore_chev_no_7_362,46.81240331494349
wellbore_chev_no_7_363,49.3908455020774
wellbore_chev_no_7_364,62.66600074217184
wellbore_chev_no_7_365,38.499560499792956
wellbore_chev_no_7_366,50.32393667108688
wellbore_chev_no_7_367,50.32393667108688
wellbore_chev_no_7_368,50.32393667108688
wellbore_chev_no_7_369,49.973412947904656
wellbore_chev_no_7_370,49.65378969080704
wellbore_chev_no_7_371,44.40320196153952
wellbore_chev_no_7_372,45.70132061377862
wellbore_chev_no_7_373,47.62068989287604
wellbore_chev_no_7_374,68.36442120369894
wellbore_chev_no_7_375,66.68905261300033
wellbore_chev_no_7_376,66.63388809873582
wellbore_chev_no_7_377,66.87704241502873
wellbore_chev_no_7_378,66.87704241502873
wellbore_chev_no_7_379,64.92459774315172
wellbore_chev_no_7_380,66.46165606007949
wellbore_chev_no_7_381,66.98485050938612
wellbore_chev_no_7_382,66.0892985653387
wellbore_chev_no_7_383,66.0892985653387
wellbore_chev_no_7_390,69.6897879442749
wellbore_chev_no_7_391,71.22694548633926
wellbore_chev_no_7_392,70.3593557285732
wellbore_chev_no_7_393,75.72054327120374
wellbore_chev_no_7_394,78.81381938836779
wellbore_chev_no_7_395,76.01018477299127
wellbore_chev_no_7_396,57.56536349896606
wellbore_chev_no_7_397,66.6826050929037
wellbore_chev_no_7_398,57.684953817234096
wellbore_chev_no_7_399,62.599237400527215
wellbore_chev_no_7_400,62.599237400527215
wellbore_chev_no_7_401,65.44551001304742
wellbore_chev_no_7_402,62.020122099427994
wellbore_chev_no_7_403,56.22507614148483
wellbore_chev_no_7_404,58.60556844418375
wellbore_chev_no_7_405,60.210495243643415
wellbore_chev_no_7_406,59.56889073866117
wellbore_chev_no_7_407,66.38879657697406
wellbore_chev_no_7_408,67.18132108958385
wellbore_chev_no_7_409,63.26109105182487
wellbore_chev_no_7_410,60.809125281780176
wellbore_chev_no_7_411,56.93224729844068
wellbore_chev_no_7_412,58.606184106669645
wellbore_chev_no_7_413,56.701636579349476
wellbore_chev_no_7_414,60.950258023280526
wellbore_chev_no_7_415,59.27580063170617
wellbore_chev_no_7_416,49.144667737384076
wellbore_chev_no_7_417,52.370000894009856
wellbore_chev_no_7_418,57.25895743700934
wellbore_chev_no_7_419,64.49986448866736
wellbore_chev_no_7_420,64.49986448866736
wellbore_chev_no_7_421,62.1576253573208
wellbore_chev_no_7_422,61.45319194931896
wellbore_chev_no_7_423,50.88525858746231
wellbore_chev_no_7_424,99.46393419085749
wellbore_chev_no_7_425,91.6502034331378
wellbore_chev_no_7_426,71.41772455333572
wellbore_chev_no_7_427,75.18766673781877
wellbore_chev_no_7_428,68.84588630121317
wellbore_chev_no_7_429,78.94924924843245
wellbore_chev_no_7_430,75.25042532771583
wellbore_chev_no_7_431,78.65107101451724
wellbore_chev_no_7_432,66.58723902661704
wellbore_chev_no_7_433,67.92469649785612
wellbore_chev_no_7_434,70.70120729152832
wellbore_chev_no_7_435,71.97720602988352
wellbore_chev_no_7_436,59.08002937952939
wellbore_chev_no_7_437,73.37207263746576
wellbore_chev_no_7_438,74.46863712258934
wellbore_chev_no_7_439,81.24325956741036
wellbore_chev_no_7_440,85.68935161196157
wellbore_chev_no_7_441,77.05955864184187
wellbore_chev_no_7_442,80.84073326534096
wellbore_chev_no_7_443,84.41332830614344
wellbore_chev_no_7_444,86.7838783693465
wellbore_chev_no_7_445,84.55306326424763
wellbore_chev_no_7_446,84.97003449763778
wellbore_chev_no_7_447,80.24398110017198
wellbore_chev_no_7_448,104.20684952875595
wellbore_chev_no_7_449,105.93246684767367
wellbore_chev_no_7_450,89.86302608263134
wellbore_chev_no_7_451,101.28197583123526
wellbore_chev_no_7_452,100.37382604477696
wellbore_chev_no_7_453,102.36490819530867
wellbore_chev_no_7_454,99.53872528034196
wellbore_chev_no_7_455,102.50257244339278
wellbore_chev_no_7_456,102.50257244339278
wellbore_chev_no_7_457,102.50257244339278
wellbore_chev_no_7_458,103.68029513571022
wellbore_chev_no_7_459,91.85023361500548
wellbore_chev_no_7_460,98.35707528445624
wellbore_chev_no_7_461,110.0337013646669
wellbore_chev_no_7_462,109.5735116772929
wellbore_chev_no_7_463,91.71947369501507
wellbore_chev_no_7_464,94.17367228629013
wellbore_chev_no_7_465,95.19937063348782
wellbore_chev_no_7_466,92.66139701920383
wellbore_chev_no_7_467,95.65212329294349
wellbore_chev_no_7_468,94.66920954625158
wellbore_chev_no_7_469,92.13537072399859
wellbore_chev_no_7_470,93.12185813684225
wellbore_chev_no_7_471,93.59766133842382
wellbore_chev_no_7_472,93.56087205907157
wellbore_chev_no_7_473,97.71374632767287
wellbore_chev_no_7_474,89.40418471510957
wellbore_chev_no_7_475,95.7594791131997
wellbore_chev_no_7_476,96.66956185343635
wellbore_chev_no_7_477,97.1267267657401
wellbore_chev_no_7_478,96.54354649208321
wellbore_chev_no_7_479,96.32501396132633
wellbore_chev_no_7_480,95.36581425491647
wellbore_chev_no_7_481,95.36581425491647
wellbore_chev_no_7_483,142.90332068778628
wellbore_chev_no_7_484,134.91541219968838
wellbore_chev_no_7_485,117.3363262971459
wellbore_chev_no_7_486,134.56150358471308
wellbore_chev_no_7_487,135.45820780124484
wellbore_chev_no_7_488,97.85467286371987
wellbore_chev_no_7_489,103.40168703786541
wellbore_chev_no_7_490,119.1221912795737
wellbore_chev_no_7_491,119.86794590082106
wellbore_chev_no_7_492,124.10216331929114
wellbore_chev_no_7_493,119.46419405093417
wellbore_chev_no_7_494,114.09964446054471
wellbore_chev_no_7_495,125.22383475529473
wellbore_chev_no_7_496,126.19361093800887
wellbore_chev_no_7_497,123.27374774275613
wellbore_chev_no_7_498,119.86247885472385
wellbore_chev_no_7_499,113.91794012359068
wellbore_chev_no_7_500,116.0485924053269
wellbore_chev_no_7_501,142.09828762198276
wellbore_chev_no_7_502,141.73170565798242
wellbore_chev_no_7_503,135.24989665531345
wellbore_chev_no_7_504,127.72710230341096
wellbore_chev_no_7_505,132.61057831495242
wellbore_chev_no_7_506,129.64162545999955
wellbore_chev_no_7_507,119.88577755100933
wellbore_chev_no_7_508,121.51210081047014
wellbore_chev_no_7_509,107.99250953075438
wellbore_chev_no_7_510,106.89939534443735
wellbore_chev_no_7_511,113.77928535786127
wellbore_chev_no_7_512,99.30957730809298
wellbore_chev_no_7_513,104.42326147671791
wellbore_chev_no_7_514,105.31714355674217
wellbore_chev_no_7_515,103.12868868144245
wellbore_chev_no_7_516,105.89163799190005
wellbore_chev_no_7_517,108.4251404505832
wellbore_chev_no_7_518,100.99369526573898
wellbore_chev_no_7_519,93.91659145912493
wellbore_chev_no_7_520,93.78383437988529
wellbore_chev_no_7_521,87.18039568650919
wellbore_chev_no_7_522,105.22755971518042
wellbore_chev_no_7_523,104.0791056023067
wellbore_chev_no_7_524,101.60968721415551
wellbore_chev_no_7_525,99.69546529977275
wellbore_chev_no_7_526,117.05064454545555
wellbore_chev_no_7_527,106.42904336664724
wellbore_chev_no_7_528,97.69122552402405
wellbore_chev_no_7_529,110.99813461485887
wellbore_chev_no_7_530,79.83983853731557
wellbore_chev_no_7_531,60.552980836644316
wellbore_chev_no_7_532,61.65663819763326
wellbore_chev_no_7_533,63.266936324630194
wellbore_chev_no_7_534,63.95695353889308
wellbore_chev_no_7_535,59.7297109575795
wellbore_chev_no_7_536,61.66142138657237
wellbore_chev_no_7_537,56.773584613790305
wellbore_chev_no_7_538,68.2874470661124
wellbore_chev_no_7_539,62.11171980559565
wellbore_chev_no_7_540,61.31053315502351
wellbore_chev_no_7_541,61.31053315502351
wellbore_chev_no_7_542,58.54874378308389
wellbore_chev_no_7_543,55.47500308870255
wellbore_chev_no_7_544,61.13134558356555
wellbore_chev_no_7_545,63.629745496141794
wellbore_chev_no_7_546,62.85877272125744
wellbore_chev_no_7_547,63.86332085753042
wellbore_chev_no_7_548,57.58015078314437
wellbore_chev_no_7_549,59.680360255927134
wellbore_chev_no_7_550,46.105457895316356
wellbore_chev_no_7_551,55.83616390988708
wellbore_chev_no_7_552,62.987896132413724
wellbore_chev_no_7_553,60.56026362358077
wellbore_chev_no_7_554,60.9124795717565
wellbore_chev_no_7_555,62.93102483787679
wellbore_chev_no_7_556,62.283605616195466
wellbore_chev_no_7_557,64.93429704837128
wellbore_chev_no_7_558,64.16595052209
wellbore_chev_no_7_559,63.40937315263556
wellbore_chev_no_7_560,65.88892389197319
wellbore_chev_no_7_561,69.07110128855169
wellbore_chev_no_7_562,66.0873134129511
wellbore_chev_no_7_563,66.84483421858103
wellbore_chev_no_7_564,66.9021906324204
wellbore_chev_no_7_565,65.47978604402688
wellbore_chev_no_7_566,67.74313888621505
wellbore_chev_no_7_567,69.63244305984928
wellbore_chev_no_7_568,72.91048784638153
wellbore_chev_no_7_569,68.11214199799048
wellbore_chev_no_7_570,65.89599187390313
wellbore_chev_no_7_571,62.55225551534404
wellbore_chev_no_7_572,65.6443983096221
wellbore_chev_no_7_573,66.03375674631015
wellbore_chev_no_7_574,79.3976019015617
wellbore_chev_no_7_575,80.09521395942436
wellbore_chev_no_7_576,89.03939805454822
wellbore_chev_no_7_577,85.60210797974736
wellbore_chev_no_7_578,81.14919008560226
wellbore_chev_no_7_579,83.15525064219938
wellbore_chev_no_7_580,88.21657702531236
wellbore_chev_no_7_581,92.0437027818324
wellbore_chev_no_7_582,91.12999747605576
wellbore_chev_no_7_583,85.54113727728502
wellbore_chev_no_7_584,99.68381630051302
wellbore_chev_no_7_585,95.99080065907837
wellbore_chev_no_7_586,95.4893503324792
wellbore_chev_no_7_587,93.92121199608445
wellbore_chev_no_7_588,82.46593839973174
wellbore_chev_no_7_589,97.01442543831372
wellbore_chev_no_7_590,100.17334539363468
wellbore_chev_no_7_591,105.13227024196618
wellbore_chev_no_7_592,91.41063434719993
wellbore_chev_no_7_593,98.51513891812306
wellbore_chev_no_7_594,95.42152530532019
wellbore_chev_no_7_595,95.42152530532019
wellbore_chev_no_7_596,96.58983611918148
wellbore_chev_no_7_597,84.60497353238034
wellbore_chev_no_7_598,90.09549429869136
wellbore_chev_no_7_599,98.21477236008137
wellbore_chev_no_7_600,90.01512782742164
wellbore_chev_no_7_601,88.73224588137275
wellbore_chev_no_7_602,90.9758144600926
wellbore_chev_no_7_603,98.20399776877306
wellbore_chev_no_7_604,98.41685046209727
wellbore_chev_no_7_605,94.05938880132241
wellbore_chev_no_7_606,86.75492918517719
wellbore_chev_no_7_607,92.12543351512056
wellbore_chev_no_7_608,87.66585028154654
wellbore_chev_no_7_609,90.66805104456708
wellbore_chev_no_7_610,100.23120078321487
wellbore_chev_no_7_611,94.06330859975579
wellbore_chev_no_7_612,90.44234722920518
wellbore_chev_no_7_613,95.24269473621722
wellbore_chev_no_7_614,97.70516595298193
wellbore_chev_no_7_615,97.09959128759553
wellbore_chev_no_7_616,98.70022912922684
wellbore_chev_no_7_617,98.89285427072988
wellbore_chev_no_7_618,97.62005748238765
wellbore_chev_no_7_619,93.87778885145666
wellbore_chev_no_7_620,89.21820742744046
wellbore_chev_no_7_621,97.6865796929504
wellbore_chev_no_7_622,99.20947664554691
wellbore_chev_no_7_623,93.62593461000729
wellbore_chev_no_7_624,98.45534542768506
wellbore_chev_no_7_625,105.326613284471
wellbore_chev_no_7_626,101.03764857146392
wellbore_chev_no_7_627,108.21791666325817
wellbore_chev_no_7_628,97.58389993765716
wellbore_chev_no_7_629,94.76141241840283
wellbore_chev_no_7_630,92.64257577338626
wellbore_chev_no_7_631,93.80720931211046
wellbore_chev_no_7_632,85.60071650096648
wellbore_chev_no_7_633,89.70648746322091
wellbore_chev_no_7_634,93.82784233068635
wellbore_chev_no_7_635,92.39924258988887
wellbore_chev_no_7_636,91.447658458826
wellbore_chev_no_7_637,90.61783197991016
wellbore_chev_no_7_638,84.99890512589892
wellbore_chev_no_7_639,84.99890512589892
wellbore_chev_no_7_640,88.80488251649393
wellbore_chev_no_7_641,86.33390270435285
wellbore_chev_no_7_642,90.59981624465594
wellbore_chev_no_7_643,90.59981624465594
wellbore_chev_no_7_644,89.08882334098936
wellbore_chev_no_7_645,90.03926646993008
wellbore_chev_no_7_646,107.47124533109114
wellbore_chev_no_7_647,107.51109631353803
wellbore_chev_no_7_648,94.36665708115241
wellbore_chev_no_7_649,72.4377613929895
wellbore_chev_no_7_650,72.98995074948229
wellbore_chev_no_7_651,54.886032905070174
wellbore_chev_no_7_652,50.810993786218894
wellbore_chev_no_7_653,51.83607754571795
wellbore_chev_no_7_654,57.33891237852958
wellbore_chev_no_7_655,59.03552278864439
wellbore_chev_no_7_656,71.89067099859398
wellbore_chev_no_7_657,71.56252777649338
wellbore_chev_no_7_658,71.56252777649338
wellbore_chev_no_7_659,70.1896797555602
wellbore_chev_no_7_660,63.23321930676034
wellbore_chev_no_7_661,59.065876677054945
wellbore_chev_no_7_662,72.58659541531502
wellbore_chev_no_7_663,100.37791439758193
wellbore_chev_no_7_664,100.54820293329458
wellbore_chev_no_7_665,98.06092541877518
wellbore_chev_no_7_666,98.70276695607122
wellbore_chev_no_7_667,90.7625346339167
wellbore_chev_no_7_668,77.3412299674464
wellbore_chev_no_7_669,72.7909719349072
wellbore_chev_no_7_670,80.31533195607206
wellbore_chev_no_7_671,67.52980998960834
wellbore_chev_no_7_672,27.535978809549654
wellbore_chev_no_7_673,30.309592863345642
wellbore_chev_no_7_674,25.751471812372976
wellbore_chev_no_7_675,53.76151610870715
wellbore_chev_no_7_676,64.1249338436535
wellbore_chev_no_7_677,61.70824508993413
wellbore_chev_no_7_678,104.2120121825081
wellbore_chev_no_7_679,84.20211139597964
wellbore_chev_no_7_680,37.90106884161994
wellbore_chev_no_7_681,17.042941237669268
wellbore_chev_no_7_682,31.214694885102023
wellbore_chev_no_7_683,96.81403860252641
wellbore_chev_no_7_684,108.99554337310632
wellbore_chev_no_7_685,94.38635428257747
wellbore_chev_no_7_686,95.68943402473764
wellbore_chev_no_7_687,124.5167596570348
wellbore_chev_no_7_688,113.78134174038647
wellbore_chev_no_7_689,118.92604383970864
wellbore_chev_no_7_690,107.38943123290191
wellbore_chev_no_7_691,116.95149665915974
wellbore_chev_no_7_692,120.24179054922855
wellbore_chev_no_7_693,122.29248957673856
wellbore_chev_no_7_694,115.71321546335099
wellbore_chev_no_7_695,124.46182658799523
wellbore_chev_no_7_696,121.53651767156259
wellbore_chev_no_7_697,120.45269234063096
wellbore_chev_no_7_698,117.03275708998218
wellbore_chev_no_7_699,106.88531935017181
wellbore_chev_no_7_700,105.65680995535278
wellbore_chev_no_7_701,105.01338977191308
wellbore_chev_no_7_702,123.06720348390475
wellbore_chev_no_7_703,112.87379201894957
wellbore_chev_no_7_704,120.85845926044264
wellbore_chev_no_7_705,112.42730562439074
wellbore_chev_no_7_706,116.05709260835793
wellbore_chev_no_7_707,135.64088687278934
wellbore_chev_no_7_708,138.1307185598023
wellbore_chev_no_7_709,136.29302476747085
wellbore_chev_no_7_710,137.44503227038007
wellbore_chev_no_7_711,138.83918088025567
wellbore_chev_no_7_712,137.93289944754673
wellbore_chev_no_7_713,130.6854297788737
wellbore_chev_no_7_714,138.47823295606318
wellbore_chev_no_7_715,127.9779559933953
wellbore_chev_no_7_716,127.25119312109982
wellbore_chev_no_7_717,130.41227212255458
wellbore_chev_no_7_718,136.8528374918744
wellbore_chev_no_7_719,141.36079953878286
wellbore_chev_no_7_720,141.0289566166585
wellbore_chev_no_7_721,141.86485487178376
wellbore_chev_no_7_722,129.76049438535773
wellbore_chev_no_7_723,134.2355721849477
wellbore_chev_no_7_724,130.34952867199416
wellbore_chev_no_7_725,132.3990930232146
wellbore_chev_no_7_726,159.9269747815112
wellbore_chev_no_7_727,157.7463354309975
wellbore_chev_no_7_728,164.5482634849066
wellbore_chev_no_7_729,160.39405954756432
wellbore_chev_no_7_730,141.3585171234745
wellbore_chev_no_7_731,130.91279203453564
wellbore_chev_no_7_732,136.27820958234454
wellbore_chev_no_7_733,130.46322475850639
wellbore_chev_no_7_734,130.54329912467495
wellbore_chev_no_7_735,126.20692097981124
wellbore_chev_no_7_736,128.42902586111666
wellbore_chev_no_7_737,120.0734990047468
wellbore_chev_no_7_738,120.0734990047468
wellbore_chev_no_7_739,108.458876773954
wellbore_chev_no_7_740,110.53182546043841
wellbore_chev_no_7_741,119.66107460692034
wellbore_chev_no_7_742,108.10674720434177
wellbore_chev_no_7_743,115.48675117782025
wellbore_chev_no_7_744,107.84988099448343
wellbore_chev_no_7_745,102.46592760200168
wellbore_chev_no_7_746,100.64552661948117
wellbore_chev_no_7_747,103.81430307370587
wellbore_chev_no_7_748,109.29286182296572
wellbore_chev_no_7_749,117.3939107880397
wellbore_chev_no_7_750,103.382371214944
wellbore_chev_no_7_751,131.26976391185715
wellbore_chev_no_7_752,128.25338566827452
wellbore_chev_no_7_753,142.40894470761114
wellbore_chev_no_7_754,147.50692376666132
wellbore_chev_no_7_755,134.97790571406645
wellbore_chev_no_7_756,140.97189568213827
wellbore_chev_no_7_757,137.423903044447
wellbore_chev_no_7_758,139.1864284553565
wellbore_chev_no_7_759,128.3159121243464
wellbore_chev_no_7_760,126.5624323728395
wellbore_chev_no_7_761,127.23622539726807
wellbore_chev_no_7_762,119.2945215511573
wellbore_chev_no_7_763,117.92303500322257
wellbore_chev_no_7_764,133.4592210451531
wellbore_chev_no_7_765,128.81559276530567
wellbore_chev_no_7_766,113.08969662441646
wellbore_chev_no_7_767,103.96010467596223
wellbore_chev_no_7_768,107.17417926244602
wellbore_chev_no_7_769,100.98537856831575
wellbore_chev_no_7_770,101.3379799962096
wellbore_chev_no_7_771,103.5763735535118
wellbore_chev_no_7_772,101.01291381438273
wellbore_chev_no_7_773,97.29924986714933
wellbore_chev_no_7_774,101.17041552154095
wellbore_chev_no_7_775,96.38863044485626
wellbore_chev_no_7_776,97.7379201579595
wellbore_chev_no_7_777,97.48510809584464
wellbore_chev_no_7_778,96.06211238335821
wellbore_chev_no_7_779,102.68374824507808
wellbore_chev_no_7_780,105.59952100177011
wellbore_chev_no_7_781,105.9691763727226
wellbore_chev_no_7_782,102.17711765347214
wellbore_chev_no_7_783,107.82071506502807
wellbore_chev_no_7_784,114.54500654450473
